[{"id":1,"auto":"Chevrolet","cena":33,"rokvyroby":2011},
{"id":2,"auto":"Mercedes-Benz","cena":22,"rokvyroby":1992},
{"id":3,"auto":"Toyota","cena":34,"rokvyroby":2012},
{"id":4,"auto":"Volkswagen","cena":43,"rokvyroby":2002},
{"id":5,"auto":"Pontiac","cena":28,"rokvyroby":1990},
{"id":6,"auto":"Nissan","cena":2,"rokvyroby":2009},
{"id":7,"auto":"GMC","cena":14,"rokvyroby":1993},
{"id":8,"auto":"Acura","cena":75,"rokvyroby":2002},
{"id":9,"auto":"Audi","cena":68,"rokvyroby":2008},
{"id":10,"auto":"Chevrolet","cena":28,"rokvyroby":2012},
{"id":11,"auto":"Mitsubishi","cena":2,"rokvyroby":1996},
{"id":12,"auto":"Volvo","cena":25,"rokvyroby":2007},
{"id":13,"auto":"Eagle","cena":73,"rokvyroby":1992},
{"id":14,"auto":"GMC","cena":57,"rokvyroby":2009},
{"id":15,"auto":"Porsche","cena":36,"rokvyroby":2004},
{"id":16,"auto":"Chevrolet","cena":77,"rokvyroby":1994},
{"id":17,"auto":"Oldsmobile","cena":57,"rokvyroby":2002},
{"id":18,"auto":"Buick","cena":65,"rokvyroby":1998},
{"id":19,"auto":"Infiniti","cena":59,"rokvyroby":2004},
{"id":20,"auto":"Lexus","cena":5,"rokvyroby":2002},
{"id":21,"auto":"Toyota","cena":71,"rokvyroby":2007},
{"id":22,"auto":"Ford","cena":18,"rokvyroby":2002},
{"id":23,"auto":"Toyota","cena":64,"rokvyroby":2011},
{"id":24,"auto":"Kia","cena":28,"rokvyroby":2011},
{"id":25,"auto":"Mitsubishi","cena":43,"rokvyroby":2002},
{"id":26,"auto":"Ford","cena":48,"rokvyroby":1986},
{"id":27,"auto":"Maserati","cena":6,"rokvyroby":1986},
{"id":28,"auto":"Hyundai","cena":64,"rokvyroby":2004},
{"id":29,"auto":"Dodge","cena":2,"rokvyroby":2011},
{"id":30,"auto":"Hyundai","cena":92,"rokvyroby":2011}]